[
  { "title": "Awesome Hamster 1", "url": "img/hamster1.jpg", "likes": [] },
  { "title": "Awesome Hamster 2", "url": "img/hamster2.jpg", "likes": [] },
  { "title": "Awesome Hamster 3", "url": "img/hamster3.jpg", "likes": [] },
  { "title": "Awesome Hamster 4", "url": "img/hamster4.jpg", "likes": [] },
  { "title": "Awesome Hamster 5", "url": "img/hamster5.jpg", "likes": [] },
  { "title": "Awesome Hamster 6", "url": "img/hamster6.jpg", "likes": [] },
  { "title": "Awesome Hamster 7", "url": "img/hamster7.jpg", "likes": [] },
  { "title": "Awesome Hamster 8", "url": "img/hamster8.jpg", "likes": [] },
  { "title": "Awesome Hamster 9", "url": "img/hamster9.jpg", "likes": [] },
  { "title": "Awesome Hamster 10", "url": "img/hamster10.jpg", "likes": [] },
  { "title": "Awesome Hamster 11", "url": "img/hamster11.jpg", "likes": [] },
  { "title": "Awesome Hamster 12", "url": "img/hamster12.jpg", "likes": [] },
  { "title": "Awesome Hamster 13", "url": "img/hamster13.jpg", "likes": [] },
  { "title": "Awesome Hamster 14", "url": "img/hamster14.jpg", "likes": [] },
  { "title": "Awesome Hamster 15", "url": "img/hamster15.jpg", "likes": [] },
  { "title": "Awesome Hamster 16", "url": "img/hamster16.jpg", "likes": [] },
  { "title": "Awesome Hamster 17", "url": "img/hamster17.jpg", "likes": [] },
  { "title": "Awesome Hamster 18", "url": "img/hamster18.jpg", "likes": [] },
  { "title": "Awesome Hamster 19", "url": "img/hamster19.jpg", "likes": [] },
  { "title": "Awesome Hamster 20", "url": "img/hamster20.jpg", "likes": [] },
  { "title": "Awesome Hamster 21", "url": "img/hamster21.jpg", "likes": [] },
  { "title": "Awesome Hamster 22", "url": "img/hamster22.jpg", "likes": [] },
  { "title": "Awesome Hamster 23", "url": "img/hamster23.jpg", "likes": [] },
  { "title": "Awesome Hamster 24", "url": "img/hamster24.jpg", "likes": [] },
  { "title": "Awesome Hamster 25", "url": "img/hamster25.jpg", "likes": [] },
  { "title": "Awesome Hamster 26", "url": "img/hamster26.jpg", "likes": [] },
  { "title": "Awesome Hamster 27", "url": "img/hamster27.jpg", "likes": [] },
  { "title": "Awesome Hamster 28", "url": "img/hamster28.jpg", "likes": [] },
  { "title": "Awesome Hamster 29", "url": "img/hamster29.jpg", "likes": [] },
  { "title": "Awesome Hamster 30", "url": "img/hamster30.jpg", "likes": [] },
  { "title": "Awesome Hamster 31", "url": "img/hamster31.jpg", "likes": [] },
  { "title": "Awesome Hamster 32", "url": "img/hamster32.jpg", "likes": [] }
]
