[
  {
    "title": "Diego the DJ Hamster",
    "url": "new/hamster1.jpg",
    "likes": []
  },
  {
    "title": "Hamster 2",
    "url": "new/hamster2.jpg",
    "likes": []
  },
  {
    "title": "Hamster 3",
    "url": "new/hamster3.jpg",
    "likes": []
  },
  {
    "title": "Hamster 4",
    "url": "new/hamster4.jpg",
    "likes": []
  },
  {
    "title": "Hamster 5",
    "url": "new/hamster5.jpg",
    "likes": []
  },
  {
    "title": "Hamster 6",
    "url": "new/hamster6.png",
    "likes": []
  }
]
